INSERT INTO oper_eal.Veiculo (IDVeiculo, Modelo, VeiculoTipo) VALUES
(1, 'Volkswagen Gol 2023', 'B'),
(2, 'Chevrolet Onix 2024', 'B'),
(3, 'Honda CG 160', 'A'),
(4, 'Mercedes-Benz Accelo', 'C'),
(5, 'Volkswagen 15.190', 'D');

INSERT INTO oper_eal.Sala (IDSala, CapacidadeMax) VALUES
(1, 30),
(2, 30),
(3, 30);

INSERT INTO oper_eal.Tema (TemaID, TemaNome, QuantidadeAula) VALUES
(1, 'Legislação de Trânsito', 18),
(2, 'Direção Defensiva', 16),
(3, 'Primeiros Socorros', 4),
(4, 'Meio Ambiente e Cidadania', 4),
(5, 'Mecânica Básica', 3),
(6, 'Legislação Específica (Cargas Perigosas)', 5),
(7, 'Condução Econômica e Defensiva (Pesados)', 4),
(8, 'Relacionamento Interpessoal no Trânsito', 2),
(9, 'Sinalização Viária (Placas e Marcas)', 5),
(10, 'Normas de Circulação e Conduta', 6),
(11, 'Infrações, Penalidades e Crimes de Trânsito', 5),
(12, 'Processo de Habilitação e Documentação', 2),
(13, 'Psicologia no Trânsito e Tomada de Decisão', 3),
(14, 'Manutenção Preventiva do Veículo', 3),
(15, 'Condução em Condições Adversas (Chuva, Neblina)', 4);

INSERT INTO oper_eal.ServicoAutoEsc (ServicoID, ServicoTipo, ServicoValor, ServicoDescricao) VALUES
(1, 'Pacote Inicial Categoria B', 1500.00, 'Pacote completo para primeira habilitação categoria B'),
(2, 'Pacote Adição Categoria A', 1200.00, 'Adição da categoria A para habilitados'),
(3, 'Aula Prática Avulsa', 160.00, 'Aula de reposição ou extra para categoria B'),
(4, 'Aula Teórica Avulsa', 50.00, 'Aula de reposição para curso teórico'),
(5, 'Reciclagem CNH', 450.00, 'Curso de reciclagem para condutores com CNH suspensa'),
(6, 'Pacote Adição Categoria D', 2800.00, 'Adição de categoria D para habilitados em C'),
(7, 'Curso Direção Defensiva Corporativo', 2500.00, 'Pacote para empresas - 1 turma de até 15 funcionários');

INSERT INTO oper_eal.Funcionario (FuncID, FuncNome, Cargo, Salario, FuncCPF, FuncEmail, FuncCelular, FuncSenha) VALUES
(1, 'Carlos Eduardo Mendes', 'Gerente Administrativo', 6000.00, '11122233344', 'carlos.mendes@oper_eal.com', '21988887777', 'hashed_pass'),
(2, 'Estevão Lima', 'Sócio-Operacional', 4500.00, '22233344455', 'estevao.lima@oper_eal.com', '21988886666', 'hashed_pass'),
(3, 'Amanda Lima', 'Sócia-Financeira', 4500.00, '33344455566', 'amanda.lima@oper_eal.com', '21988885555', 'hashed_pass'),
(4, 'Lara Lima', 'Sócia-Marketing', 4500.00, '44455566677', 'lara.lima@oper_eal.com', '21988884444', 'hashed_pass'),
(5, 'Beatriz Costa', 'Instrutor Teórico', 3200.00, '55566677788', 'beatriz.costa@oper_eal.com', '21977771111', 'hashed_pass'),
(6, 'Ricardo Souza', 'Instrutor Teórico', 3200.00, '66677788899', 'ricardo.souza@oper_eal.com', '21977772222', 'hashed_pass'),
(7, 'Marcos Oliveira', 'Instrutor Prático', 3800.00, '77788899900', 'marcos.oliveira@oper_eal.com', '21966661111', 'hashed_pass'),
(8, 'Juliana Santos', 'Instrutor Prático', 3800.00, '88899900011', 'juliana.santos@oper_eal.com', '21966662222', 'hashed_pass'),
(9, 'Felipe Almeida', 'Atendente', 2100.00, '99900011122', 'felipe.almeida@oper_eal.com', '21955551111', 'hashed_pass'),
(10, 'Vanessa Dias', 'Profissional de TI', 5000.00, '12312312312', 'vanessa.dias@oper_eal.com', '21944441111', 'hashed_pass');

INSERT INTO oper_eal.Aluno (AlunoID, AlunoCPF, AlunoNome, AlunoEmail, AlunoCelular, DataNascimento, Logradouro, Bairro, Municipio, Estado, AlunoSenha) VALUES
(101, '11122233301', 'Sofia Martins', 'sofia.martins@example.com', '21988776655', '2005-04-15', 'Rua das Laranjeiras', 'Laranjeiras', 'Rio de Janeiro', 'RJ', 'hashed_pass'),
(102, '22233344402', 'Lucas Pereira', 'lucas.pereira@example.com', '21999887766', '2004-08-22', 'Avenida Atlântica', 'Copacabana', 'Rio de Janeiro', 'RJ', 'hashed_pass'),
(103, '33344455503', 'Isabella Ferreira', 'isabella.f@example.com', '21987654321', '2006-01-10', 'Rua Barata Ribeiro', 'Copacabana', 'Rio de Janeiro', 'RJ', 'hashed_pass'),
(104, '44455566604', 'Yuri Saporito', 'y.saporito@email.com', '21976541234', '2003-11-05', 'Rua das Laranjeiras', 'Laranjeiras', 'Rio de Janeiro', 'RJ', 'hashed_pass'),
(105, '55566677705', 'Júlia Alves', 'julia.alves@example.com', '21988991122', '2005-07-19', 'Avenida das Américas', 'Barra da Tijuca', 'Rio de Janeiro', 'RJ', 'hashed_pass'),
(106, '66677788806', 'Guilherme Souza', 'gui.souza@example.com', '21991234567', '2002-03-30', 'Rua Visconde de Pirajá', 'Ipanema', 'Rio de Janeiro', 'RJ', 'hashed_pass'),
(107, '77788899907', 'Laura Costa', 'laura.costa@example.com', '21992345678', '2004-09-14', 'Rua Dias da Cruz', 'Méier', 'Rio de Janeiro', 'RJ', 'hashed_pass'),
(108, '88899900008', 'Pedro Santos', 'pedro.santos@example.com', '21993456789', '2005-02-28', 'Rua do Catete', 'Catete', 'Rio de Janeiro', 'RJ', 'hashed_pass'),
(109, '99900011109', 'Beatriz Oliveira', 'beatriz.o@example.com', '21994567890', '2006-05-25', 'Praia de Botafogo', 'Botafogo', 'Rio de Janeiro', 'RJ', 'hashed_pass'),
(110, '11100022210', 'Davi Ribeiro', 'davi.ribeiro@example.com', '21995678901', '2003-08-11', 'Avenida Venceslau Brás', 'Botafogo', 'Rio de Janeiro', 'RJ', 'hashed_pass'),
(111, '12312312311', 'Maria Clara Lima', 'mariaclara.l@example.com', '21981112233', '2004-12-01', 'Rua Real Grandeza', 'Botafogo', 'Rio de Janeiro', 'RJ', 'hashed_pass'),
(112, '23423423412', 'João Gabriel Gomes', 'joaog.gomes@example.com', '21982223344', '2005-06-18', 'Rua Voluntários da Pátria', 'Botafogo', 'Rio de Janeiro', 'RJ', 'hashed_pass'),
(113, '34534534513', 'Ana Luiza Barbosa', 'analu.b@example.com', '21983334455', '2002-10-23', 'Rua Haddock Lobo', 'Tijuca', 'Rio de Janeiro', 'RJ', 'hashed_pass'),
(114, '45645645614', 'Miguel Fernandes', 'miguel.f@example.com', '21984445566', '2006-02-08', 'Avenida Maracanã', 'Maracanã', 'Rio de Janeiro', 'RJ', 'hashed_pass'),
(115, '56756756715', 'Helena Melo', 'helena.melo@example.com', '21985556677', '2005-09-03', 'Rua São Francisco Xavier', 'Tijuca', 'Rio de Janeiro', 'RJ', 'hashed_pass'),
(116, '67867867816', 'Arthur Carvalho', 'arthur.c@example.com', '21986667788', '2003-05-12', 'Rua General Roca', 'Tijuca', 'Rio de Janeiro', 'RJ', 'hashed_pass'),
(117, '78978978917', 'Alice Castro', 'alice.castro@example.com', '21987778899', '2004-07-29', 'Avenida Lúcio Costa', 'Barra da Tijuca', 'Rio de Janeiro', 'RJ', 'hashed_pass'),
(118, '89089089018', 'Bernardo de Freitas', 'b.freitas@email.com', '21988889900', '2002-01-17', 'Avenida Sernambetiba', 'Recreio dos Bandeirantes', 'Rio de Janeiro', 'RJ', 'hashed_pass'),
(119, '90190190119', 'Valentina Rocha', 'valentina.r@example.com', '21989990011', '2005-11-30', 'Estrada dos Bandeirantes', 'Jacarepaguá', 'Rio de Janeiro', 'RJ', 'hashed_pass'),
(120, '12345678920', 'Ravi Moreira', 'ravi.moreira@example.com', '21990001122', '2004-02-20', 'Rua Araguaia', 'Freguesia', 'Rio de Janeiro', 'RJ', 'hashed_pass'),
(121, '23456789021', 'Elisa Azevedo', 'elisa.azevedo@example.com', '21991112233', '2006-03-09', 'Rua Geminiano de Góis', 'Freguesia', 'Rio de Janeiro', 'RJ', 'hashed_pass'),
(122, '34567890122', 'Enzo Nunes', 'enzo.nunes@example.com', '21992223344', '2003-04-27', 'Rua Tirol', 'Freguesia', 'Rio de Janeiro', 'RJ', 'hashed_pass'),
(123, '45678901223', 'Maria Eduarda Cunha', 'duda.cunha@example.com', '21993334455', '2005-10-13', 'Avenida Geremário Dantas', 'Tanque', 'Rio de Janeiro', 'RJ', 'hashed_pass'),
(124, '56789012324', 'Theo Correia', 'theo.correia@example.com', '21994445566', '2002-08-01', 'Rua Cândido Benício', 'Campinho', 'Rio de Janeiro', 'RJ', 'hashed_pass'),
(125, '67890123425', 'Lívia Dias', 'livia.dias@example.com', '21995556677', '2004-06-24', 'Estrada Intendente Magalhães', 'Vila Valqueire', 'Rio de Janeiro', 'RJ', 'hashed_pass'),
(151, '44455566699', 'José Guedes Gasparelo', 'hallowring@fromsoftware.com', '21976541299', '2003-11-05', 'Rua das Laranjeiras', 'Laranjeiras', 'Rio de Janeiro', 'RJ', 'hashed_pass'),
(152, '44556677899', 'Julio César Chaves', 'juliaobd@fgv.br', '21982343399', '2005-08-31', 'Rua Cruz Lima', 'Flamengo', 'Rio de Janeiro', 'RJ', 'hashed_pass'),
(126, '78901234526', 'Benjamin Jesus', 'ben.jesus@example.com', '21996667788', '2003-01-04', 'Rua das Dálias', 'Vila Valqueire', 'Rio de Janeiro', 'RJ', 'hashed_pass'),
(127, '89012345627', 'Esther Cardoso', 'esther.c@example.com', '21997778899', '2005-05-16', 'Rua Carolina Machado', 'Madureira', 'Rio de Janeiro', 'RJ', 'hashed_pass'),
(128, '90123456728', 'Isaac Mendes', 'isaac.mendes@example.com', '21998889900', '2002-09-09', 'Avenida Ministro Edgard Romero', 'Madureira', 'Rio de Janeiro', 'RJ', 'hashed_pass'),
(129, '11223344529', 'Manuela Almeida', 'manu.almeida@example.com', '21999990011', '2004-11-18', 'Rua João Vicente', 'Bento Ribeiro', 'Rio de Janeiro', 'RJ', 'hashed_pass'),
(130, '22334455630', 'Lorenzo Lopes', 'lorenzo.l@example.com', '21980001122', '2006-04-07', 'Rua Carolina Amado', 'Oswaldo Cruz', 'Rio de Janeiro', 'RJ', 'hashed_pass'),
(131, '33445566731', 'Cecília Gonçalves', 'cecilia.g@example.com', '21981232233', '2003-07-21', 'Rua Ana Teles', 'Campinho', 'Rio de Janeiro', 'RJ', 'hashed_pass'),
(132, '44556677832', 'Eduardo Wager', 'e.wager@email.com', '21982343344', '2005-08-31', 'Rua Cruz Lima', 'Flamengo', 'Rio de Janeiro', 'RJ', 'hashed_pass'),
(133, '55667788933', 'Heloísa Brandão', 'helo.brandao@example.com', '21983454455', '2002-02-14', 'Rua Gustavo Riedel', 'Engenho de Dentro', 'Rio de Janeiro', 'RJ', 'hashed_pass'),
(134, '66778899034', 'Samuel Ramos', 'samuel.ramos@example.com', '21984565566', '2004-01-26', 'Rua Adolfo Bergamini', 'Engenho de Dentro', 'Rio de Janeiro', 'RJ', 'hashed_pass'),
(135, '77889900135', 'Maya Reis', 'maya.reis@example.com', '21985676677', '2003-09-19', 'Rua Arquias Cordeiro', 'Engenho de Dentro', 'Rio de Janeiro', 'RJ', 'hashed_pass'),
(136, '88990011236', 'Gael Viana', 'gael.viana@example.com', '21986787788', '2005-12-29', 'Rua Doutor Leal', 'Engenho Novo', 'Rio de Janeiro', 'RJ', 'hashed_pass'),
(137, '99001122337', 'Liz Fogaça', 'liz.fogaca@example.com', '21987898899', '2002-06-02', 'Rua Barão do Bom Retiro', 'Engenho Novo', 'Rio de Janeiro', 'RJ', 'hashed_pass'),
(138, '10102020338', 'Anthony Silveira', 'anthony.s@example.com', '21988909900', '2004-10-08', 'Rua Vinte e Quatro de Maio', 'Riachuelo', 'Rio de Janeiro', 'RJ', 'hashed_pass'),
(139, '20203030439', 'Antonella Barros', 'antonella.b@example.com', '21989010011', '2003-03-23', 'Avenida Marechal Rondon', 'Sampaio', 'Rio de Janeiro', 'RJ', 'hashed_pass'),
(140, '30304040540', 'Davi Lucca Pires', 'davilucca.p@example.com', '21990121122', '2006-06-11', 'Rua São Luiz Gonzaga', 'São Cristóvão', 'Rio de Janeiro', 'RJ', 'hashed_pass'),
(141, '40405050641', 'Sophia Caldeira', 'sophia.c@example.com', '21991232233', '2005-03-01', 'Campo de São Cristóvão', 'São Cristóvão', 'Rio de Janeiro', 'RJ', 'hashed_pass'),
(142, '50506060742', 'Francisco Moura', 'francisco.m@example.com', '21992343344', '2002-07-06', 'Rua da Abolição', 'Abolição', 'Rio de Janeiro', 'RJ', 'hashed_pass'),
(143, '60607070843', 'Emanuelly Freitas', 'emanuelly.f@example.com', '21993454455', '2004-05-13', 'Rua Glaziou', 'Abolição', 'Rio de Janeiro', 'RJ', 'hashed_pass'),
(144, '70708080944', 'Ryan Nogueira', 'ryan.n@example.com', '21994565566', '2003-12-15', 'Rua da Pátria', 'Piedade', 'Rio de Janeiro', 'RJ', 'hashed_pass'),
(145, '80809090145', 'Isabelly Siqueira', 'isabelly.s@example.com', '21995676677', '2005-01-07', 'Rua Clarimundo de Melo', 'Piedade', 'Rio de Janeiro', 'RJ', 'hashed_pass'),
(146, '90901010246', 'Erick Campos', 'erick.campos@example.com', '21996787788', '2002-11-21', 'Rua Goias', 'Quintino Bocaiuva', 'Rio de Janeiro', 'RJ', 'hashed_pass'),
(147, '12123434547', 'Luciano Castro', 'l.castro@email.com', '21997898899', '2004-04-04', 'Rua Cupertino', 'Quintino Bocaiuva', 'Rio de Janeiro', 'RJ', 'hashed_pass'),
(148, '23234545648', 'Henry Nascimento', 'henry.n@example.com', '21998909900', '2003-02-18', 'Rua Assis Carneiro', 'Cascadura', 'Rio de Janeiro', 'RJ', 'hashed_pass'),
(149, '34345656749', 'Ayla Farias', 'ayla.farias@example.com', '21999010011', '2005-07-27', 'Rua Sidônio Paes', 'Cascadura', 'Rio de Janeiro', 'RJ', 'hashed_pass'),
(150, '45456767850', 'Enrico Neves', 'enrico.neves@example.com', '21980121122', '2002-12-03', 'Rua Iguape', 'Cascadura', 'Rio de Janeiro', 'RJ', 'hashed_pass');

INSERT INTO oper_eal.AlunoPaga (AlunoID, ServicoID, Quantidade, TransacaoData) VALUES
(101, 1, 1, '2025-08-20'),
(102, 2, 1, '2025-08-21'),
(105, 5, 1, '2025-08-22'),
(115, 6, 1, '2025-08-23'),
(120, 3, 2, '2025-08-24'),
(132, 1, 1, '2025-08-25'),
(147, 2, 1, '2025-08-26'),
(151, 1, 1, '2025-08-27'),
(152, 5, 1, '2025-08-28');

INSERT INTO oper_eal.Aula (AulaID, AulaData, FuncID) VALUES
(5001, '2025-09-01', 5),
(5002, '2025-09-01', 7),
(5003, '2025-09-02', 6),
(5004, '2025-09-02', 8),
(5005, '2025-09-03', 5),
(5006, '2025-09-03', 7),
(5007, '2025-09-04', 6),
(5008, '2025-09-04', 8),
(5009, '2025-09-05', 5),
(5010, '2025-09-05', 7);

INSERT INTO oper_eal.AulaTeorica (AulaID, TemaID) VALUES
(5001, 1),
(5003, 2),
(5005, 3),
(5007, 4),
(5009, 5);

INSERT INTO oper_eal.AulaPratica (AulaID, AlunoID) VALUES
(5002, 101),
(5004, 102),
(5006, 132),
(5008, 147),
(5010, 151);

INSERT INTO oper_eal.AulaTAluno (AulaID, AlunoID, PresencaAluno) VALUES
(5001, 101, 1),
(5001, 104, 1),
(5001, 108, 1),
(5001, 112, 0),
(5001, 132, 1),
(5003, 101, 1),
(5003, 104, 0),
(5003, 108, 1),
(5003, 112, 1),
(5003, 132, 1),
(5005, 115, 1),
(5005, 120, 1),
(5005, 140, 1),
(5007, 115, 1),
(5007, 120, 0),
(5007, 140, 1),
(5009, 151, 1),
(5009, 152, 1);

INSERT INTO oper_eal.AulaTSala (AulaID, IDSala, DtHrInicio, DtHrFim) VALUES
(5001, 1, '2025-09-01 08:00:00', '2025-09-01 10:00:00'),
(5003, 2, '2025-09-02 18:00:00', '2025-09-02 20:00:00'),
(5005, 3, '2025-09-03 08:00:00', '2025-09-03 10:00:00'),
(5007, 1, '2025-09-04 14:00:00', '2025-09-04 16:00:00'),
(5009, 2, '2025-09-05 16:00:00', '2025-09-05 18:00:00');

INSERT INTO oper_eal.VeiculoAula (AulaID, IDVeiculo, DtHrInicio, DtHrFim) VALUES
(5002, 1, '2025-09-01 09:00:00', '2025-09-01 10:00:00'),
(5004, 3, '2025-09-02 11:00:00', '2025-09-02 12:00:00'),
(5006, 2, '2025-09-03 14:00:00', '2025-09-03 15:00:00'),
(5008, 3, '2025-09-04 15:00:00', '2025-09-04 16:00:00'),
(5010, 1, '2025-09-05 16:00:00', NULL);


INSERT INTO oper_eal.Exame (ExameID, Status, Nota, DtHrInicio, DtHrFim, AlunoID, FuncID) VALUES
(201, 'Aprovado', 85.0, '2025-09-15 10:00:00', '2025-09-15 11:00:00', 101, 7),
(202, 'Reprovado', 45.5, '2025-09-16 14:00:00', '2025-09-16 15:00:00', 102, 8),
(203, 'Agendado', NULL, '2025-09-22 09:00:00', '2025-09-22 10:00:00', 103, 7),
(204, 'Aprovado', 90.0, '2025-09-18 19:00:00', '2025-09-18 21:00:00', 104, 2),
(205, 'Aprovado', 78.0, '2025-09-19 10:00:00', '2025-09-19 12:00:00', 115, 5),
(206, 'Reprovado', 60.0, '2025-09-20 10:00:00', '2025-09-20 12:00:00', 120, 6);


INSERT INTO oper_eal.ExamePratico (ExameID, IDVeiculo) VALUES
(201, 1),
(202, 2),
(203, 1);

INSERT INTO oper_eal.ExameTeorica (ExameID, IDSala) VALUES
(204, 1),
(205, 1),
(206, 2);

INSERT INTO oper_eal.Pagamento (PagtoID, PagtoValor, PagtoData, FuncID) VALUES
(501, 160.00, '2025-08-30', 9),
(502, 450.00, '2025-08-31', 3),
(503, 750.00, '2025-09-01', 9),
(504, 1200.00, '2025-09-02', 9),
(505, 100.00, '2025-09-03', 9);

INSERT INTO oper_eal.Veiculo (IDVeiculo, Modelo, VeiculoTipo) VALUES
(6, 'Fiat Mobi 2023', 'B'),
(7, 'Hyundai HB20 2024', 'B'),
(8, 'Yamaha Fazer 250', 'A'),
(9, 'Honda PCX 150 (Scooter)', 'A'),
(10, 'Volvo VM 270', 'C'),
(11, 'Scania R450 (Carreta)', 'E'),
(12, 'Marcopolo Torino (Ônibus)', 'D'),
(13, 'Chevrolet Onix 2023 (Branco)', 'B'),
(14, 'Volkswagen Gol 2022 (Prata)', 'B'),
(15, 'Honda CG 160 (Vermelha)', 'A'),
(16, 'Fiat Uno 2022', 'B'),
(17, 'Renault Kwid 2024', 'B'),
(18, 'Yamaha NMAX 160', 'A'),
(19, 'Iveco Tector', 'C'),
(20, 'Mercedes-Benz Actros (Carreta)', 'E');

INSERT INTO oper_eal.Sala (IDSala, CapacidadeMax) VALUES
(4, 40),
(5, 25),
(6, 15);

INSERT INTO oper_eal.ServicoAutoEsc (ServicoID, ServicoTipo, ServicoValor, ServicoDescricao) VALUES
(8, 'Pacote Completo A+B', 2500.00, 'Primeira habilitação categorias A e B'),
(9, 'Aula Prática Avulsa (Moto A)', 140.00, 'Aula extra ou reposição categoria A'),
(10, 'Aula Prática Avulsa (Caminhão C)', 250.00, 'Aula extra ou reposição categoria C'),
(11, 'Aula Prática Avulsa (Ônibus D)', 280.00, 'Aula extra ou reposição categoria D'),
(12, 'Pacote Adição Categoria C', 2600.00, 'Adição de categoria C para habilitados em B'),
(13, 'Pacote Adição Categoria E', 3100.00, 'Adição de categoria E para habilitados em C'),
(14, 'Aula Prática Avulsa (Carreta E)', 320.00, 'Aula extra ou reposição categoria E');

INSERT INTO oper_eal.Funcionario (FuncID, FuncNome, Cargo, Salario, FuncCPF, FuncEmail, FuncCelular, FuncSenha) VALUES
(11, 'Roberto Carlos Braga', 'Instrutor Prático', 3800.00, '10101010111', 'roberto.carlos@oper_eal.com', '21966663333', 'hashed_pass'),
(12, 'Ana Paula Silva', 'Instrutor Prático', 3800.00, '10101010122', 'ana.paula@oper_eal.com', '21966664444', 'hashed_pass'),
(13, 'Bruno Martins', 'Instrutor Prático', 4200.00, '10101010133', 'bruno.martins@oper_eal.com', '21966665555', 'hashed_pass'),
(14, 'Cláudia Abreu', 'Instrutor Teórico', 3200.00, '10101010144', 'claudia.abreu@oper_eal.com', '21977773333', 'hashed_pass'),
(15, 'Diego Fernandes', 'Atendente', 2100.00, '10101010155', 'diego.f@oper_eal.com', '21955552222', 'hashed_pass'),
(16, 'Sandra Nunes', 'Atendente', 2100.00, '10101010166', 'sandra.nunes@oper_eal.com', '21955553333', 'hashed_pass'),
(17, 'Tiago Pereira', 'Instrutor Prático', 4200.00, '10101010177', 'tiago.pereira@oper_eal.com', '21966666666', 'hashed_pass'),
(18, 'Fernanda Costa', 'Instrutor Prático', 3800.00, '10101010188', 'fernanda.costa@oper_eal.com', '21966667777', 'hashed_pass'),
(19, 'Lucas Gabriel Alves', 'Instrutor Prático', 3800.00, '10101010199', 'lucas.gabriel@oper_eal.com', '21966668888', 'hashed_pass'),
(20, 'Mariana Alves', 'Serviços Gerais', 1800.00, '10101010211', 'mariana.alves@oper_eal.com', '21944442222', 'hashed_pass');

INSERT INTO oper_eal.Aluno (AlunoID, AlunoCPF, AlunoNome, AlunoEmail, AlunoCelular, DataNascimento, Logradouro, Bairro, Municipio, Estado, AlunoSenha) VALUES
(153, '77788899911', 'Gabriela Lima', 'gabriela.lima@example.com', '21981231111', '2005-10-10', 'Rua Conde de Bonfim', 'Tijuca', 'Rio de Janeiro', 'RJ', 'hashed_pass'),
(154, '77788899912', 'Rafael Azevedo', 'rafael.azevedo@example.com', '21981231112', '2004-03-12', 'Avenida Pasteur', 'Urca', 'Rio de Janeiro', 'RJ', 'hashed_pass'),
(155, '77788899913', 'Larissa Moreira', 'larissa.m@example.com', '21981231113', '2006-07-01', 'Rua Marquês de Abrantes', 'Flamengo', 'Rio de Janeiro', 'RJ', 'hashed_pass'),
(156, '77788899914', 'Matheus Costa', 'matheus.costa@example.com', '21981231114', '2003-09-20', 'Rua da Passagem', 'Botafogo', 'Rio de Janeiro', 'RJ', 'hashed_pass'),
(157, '77788899915', 'Giovanna Santos', 'gi.santos@example.com', '21981231115', '2002-11-30', 'Rua Farani', 'Botafogo', 'Rio de Janeiro', 'RJ', 'hashed_pass'),
(158, '77788899916', 'Bruno Henrique', 'bruno.h@example.com', '21981231116', '2005-01-25', 'Praia do Flamengo', 'Flamengo', 'Rio de Janeiro', 'RJ', 'hashed_pass'),
(159, '77788899917', 'Letícia Pereira', 'leticia.p@example.com', '21981231117', '2004-05-18', 'Rua São Clemente', 'Botafogo', 'Rio de Janeiro', 'RJ', 'hashed_pass'),
(160, '77788899918', 'Thiago Almeida', 'thiago.almeida@example.com', '21981231118', '2003-08-03', 'Avenida Osvaldo Cruz', 'Flamengo', 'Rio de Janeiro', 'RJ', 'hashed_pass'),
(161, '77788899919', 'Vitória Dias', 'vitoria.dias@example.com', '21981231119', '2006-02-14', 'Rua General Glicério', 'Laranjeiras', 'Rio de Janeiro', 'RJ', 'hashed_pass'),
(162, '77788899920', 'Daniel Oliveira', 'daniel.o@example.com', '21981231120', '2005-06-29', 'Rua Paissandu', 'Laranjeiras', 'Rio de Janeiro', 'RJ', 'hashed_pass'),
(163, '77788899921', 'Camila Martins', 'camila.martins@example.com', '21981231121', '2004-10-05', 'Rua das Laranjeiras', 'Laranjeiras', 'Rio de Janeiro', 'RJ', 'hashed_pass'),
(164, '77788899922', 'Leonardo Souza', 'leo.souza@example.com', '21981231122', '2003-12-19', 'Rua Pinheiro Machado', 'Laranjeiras', 'Rio de Janeiro', 'RJ', 'hashed_pass'),
(165, '77788899923', 'Renan Ferreira', 'renan.f@example.com', '21981231123', '2002-04-09', 'Rua Almirante Tamandaré', 'Flamengo', 'Rio de Janeiro', 'RJ', 'hashed_pass'),
(166, '77788899924', 'Fernanda Lima', 'fernanda.lima@example.com', '21981231124', '2005-08-15', 'Rua Senador Vergueiro', 'Flamengo', 'Rio de Janeiro', 'RJ', 'hashed_pass'),
(167, '77788899925', 'Gustavo Gomes', 'gustavo.gomes@example.com', '21981231125', '2004-11-28', 'Rua Barão de Itambi', 'Botafogo', 'Rio de Janeiro', 'RJ', 'hashed_pass'),
(168, '77788899926', 'Juliana Alves', 'juliana.alves@example.com', '21981231126', '2003-02-07', 'Rua Marquês de Olinda', 'Botafogo', 'Rio de Janeiro', 'RJ', 'hashed_pass'),
(169, '77788899927', 'Rodrigo Barros', 'rodrigo.barros@example.com', '21981231127', '2006-06-05', 'Rua Muniz Barreto', 'Botafogo', 'Rio de Janeiro', 'RJ', 'hashed_pass'),
(170, '77788899928', 'Amanda Ribeiro', 'amanda.r@example.com', '21981231128', '2005-09-11', 'Avenida Infante Dom Henrique', 'Glória', 'Rio de Janeiro', 'RJ', 'hashed_pass'),
(171, '77788899929', 'Igor Nascimento', 'igor.n@example.com', '21981231129', '2004-01-03', 'Rua da Glória', 'Glória', 'Rio de Janeiro', 'RJ', 'hashed_pass'),
(172, '77788899930', 'Bianca Castro', 'bianca.castro@example.com', '21981231130', '2003-04-22', 'Ladeira da Glória', 'Glória', 'Rio de Janeiro', 'RJ', 'hashed_pass'),
(173, '77788899931', 'Felipe Melo', 'felipe.melo@example.com', '21981231131', '2002-07-16', 'Rua Taylor', 'Glória', 'Rio de Janeiro', 'RJ', 'hashed_pass'),
(174, '77788899932', 'Natália Correia', 'natalia.c@example.com', '21981231132', '2005-12-08', 'Rua do Russel', 'Glória', 'Rio de Janeiro', 'RJ', 'hashed_pass'),
(175, '77788899933', 'Vinícius Moraes', 'vini.moraes@example.com', '21981231133', '2004-02-21', 'Rua do Catete', 'Catete', 'Rio de Janeiro', 'RJ', 'hashed_pass'),
(176, '77788899934', 'Clara Nunes', 'clara.nunes@example.com', '21981231134', '2003-06-13', 'Rua Pedro Américo', 'Catete', 'Rio de Janeiro', 'RJ', 'hashed_pass'),
(177, '77788899935', 'Lucas Gabriel', 'lucas.g@example.com', '21981231135', '2006-09-27', 'Rua Bento Lisboa', 'Catete', 'Rio de Janeiro', 'RJ', 'hashed_pass'),
(178, '77788899936', 'Isabela Freitas', 'isabela.f@example.com', '21981231136', '2005-04-02', 'Rua Andrade Pertence', 'Catete', 'Rio de Janeiro', 'RJ', 'hashed_pass'),
(179, '77788899937', 'David Luiz Moreira', 'david.luiz@example.com', '21981231137', '1999-05-22', 'Rua Dois de Dezembro', 'Flamengo', 'Rio de Janeiro', 'RJ', 'hashed_pass'),
(180, '77788899938', 'Aline Barros', 'aline.barros@example.com', '21981231138', '2001-10-07', 'Rua Silveira Martins', 'Catete', 'Rio de Janeiro', 'RJ', 'hashed_pass'),
(181, '77788899939', 'Cauã Reymond', 'caua.r@example.com', '21981231139', '2000-08-14', 'Largo do Machado', 'Laranjeiras', 'Rio de Janeiro', 'RJ', 'hashed_pass'),
(182, '77788899940', 'Débora Secco', 'debora.s@example.com', '21981231140', '2004-11-26', 'Rua Ipiranga', 'Laranjeiras', 'Rio de Janeiro', 'RJ', 'hashed_pass'),
(183, '77788899941', 'Elias Ricardo', 'elias.r@example.com', '21981231141', '2005-07-19', 'Rua Gago Coutinho', 'Laranjeiras', 'Rio de Janeiro', 'RJ', 'hashed_pass'),
(184, '77788899942', 'Fabiana Carla', 'fabiana.c@example.com', '21981231142', '2003-03-03', 'Rua Leite Leal', 'Laranjeiras', 'Rio de Janeiro', 'RJ', 'hashed_pass'),
(185, '77788899943', 'Gabriel Jesus', 'g.jesus@example.com', '21981231143', '2002-04-03', 'Rua Alice', 'Laranjeiras', 'Rio de Janeiro', 'RJ', 'hashed_pass'),
(186, '77788899944', 'Helena Ranaldi', 'helena.r@example.com', '21981231144', '2001-05-24', 'Rua Pereira da Silva', 'Laranjeiras', 'Rio de Janeiro', 'RJ', 'hashed_pass'),
(187, '77788899945', 'Ícaro Silva', 'icaro.silva@example.com', '21981231145', '2005-09-17', 'Rua Professor Estelita Lins', 'Laranjeiras', 'Rio de Janeiro', 'RJ', 'hashed_pass'),
(188, '77788899946', 'Joana Fomm', 'joana.fomm@example.com', '21981231146', '1998-09-14', 'Rua General Osório', 'Ipanema', 'Rio de Janeiro', 'RJ', 'hashed_pass'),
(189, '77788899947', 'Klebber Toledo', 'k.toledo@example.com', '21981231147', '2004-06-14', 'Rua Prudente de Morais', 'Ipanema', 'Rio de Janeiro', 'RJ', 'hashed_pass'),
(190, '77788899948', 'Lázaro Ramos', 'lazaro.r@example.com', '21981231148', '2003-11-01', 'Rua Vinícius de Moraes', 'Ipanema', 'Rio de Janeiro', 'RJ', 'hashed_pass'),
(191, '77788899949', 'Maitê Proença', 'maite.p@example.com', '21981231149', '2002-01-28', 'Rua Joana Angélica', 'Ipanema', 'Rio de Janeiro', 'RJ', 'hashed_pass'),
(192, '77788899950', 'Ney Latorraca', 'ney.l@example.com', '21981231150', '2000-07-27', 'Avenida Vieira Souto', 'Ipanema', 'Rio de Janeiro', 'RJ', 'hashed_pass'),
(193, '77788899951', 'Otávio Augusto', 'otavio.a@example.com', '21981231151', '2005-01-30', 'Rua Barão da Torre', 'Ipanema', 'Rio de Janeiro', 'RJ', 'hashed_pass'),
(194, '77788899952', 'Paloma Bernardi', 'paloma.b@example.com', '21981231152', '2004-04-21', 'Rua Alberto de Campos', 'Ipanema', 'Rio de Janeiro', 'RJ', 'hashed_pass'),
(195, '77788899953', 'Regina Duarte', 'regina.d@example.com', '21981231153', '1997-02-05', 'Rua Garcia dÁvila', 'Ipanema', 'Rio de Janeiro', 'RJ', 'hashed_pass'),
(196, '77788899954', 'Stênio Garcia', 'stenio.g@example.com', '21981231154', '2003-04-28', 'Rua Aníbal de Mendonça', 'Ipanema', 'Rio de Janeiro', 'RJ', 'hashed_pass'),
(197, '77788899955', 'Tarcísio Meira', 'tarcisio.m@example.com', '21981231155', '2001-10-05', 'Avenida Epitácio Pessoa', 'Lagoa', 'Rio de Janeiro', 'RJ', 'hashed_pass'),
(198, '77788899956', 'Vera Fischer', 'vera.f@example.com', '21981231156', '2000-11-27', 'Rua Fonte da Saudade', 'Lagoa', 'Rio de Janeiro', 'RJ', 'hashed_pass'),
(199, '77788899957', 'Wagner Moura', 'wagner.m@example.com', '21981231157', '2005-06-27', 'Rua Sacopã', 'Lagoa', 'Rio de Janeiro', 'RJ', 'hashed_pass'),
(200, '77788899958', 'Zezé Motta', 'zeze.motta@example.com', '21981231158', '2004-06-27', 'Rua Tabatinguera', 'Lagoa', 'Rio de Janeiro', 'RJ', 'hashed_pass'),
(201, '77788899959', 'Antônio Fagundes', 'antonio.f@example.com', '21981231159', '1999-04-18', 'Avenida Borges de Medeiros', 'Lagoa', 'Rio de Janeiro', 'RJ', 'hashed_pass'),
(202, '77788899960', 'Bruna Marquezine', 'bruna.m@example.com', '21981231160', '2006-08-04', 'Rua J. J. Seabra', 'Lagoa', 'Rio de Janeiro', 'RJ', 'hashed_pass'),
(203, '77788899961', 'Caio Castro', 'caio.castro@example.com', '21981231161', '2003-01-22', 'Avenida Lineu de Paula Machado', 'Jardim Botânico', 'Rio de Janeiro', 'RJ', 'hashed_pass');

INSERT INTO oper_eal.AlunoPaga (AlunoID, ServicoID, Quantidade, TransacaoData) VALUES
(103, 1, 1, '2025-08-29'),
(104, 9, 3, '2025-08-30'),
(106, 8, 1, '2025-08-30'),
(153, 1, 1, '2025-09-01'),
(154, 2, 1, '2025-09-01'),
(155, 1, 1, '2025-09-02'),
(156, 8, 1, '2025-09-02'),
(157, 5, 1, '2025-09-03'),
(158, 1, 1, '2025-09-03'),
(159, 2, 1, '2025-09-04'),
(160, 1, 1, '2025-09-04'),
(161, 1, 1, '2025-09-05'),
(162, 8, 1, '2025-09-05'),
(163, 3, 2, '2025-09-06'),
(164, 1, 1, '2025-09-06'),
(165, 2, 1, '2025-09-07'),
(166, 1, 1, '2025-09-07'),
(167, 1, 1, '2025-09-08'),
(168, 5, 1, '2025-09-08'),
(169, 1, 1, '2025-09-09'),
(170, 8, 1, '2025-09-09'),
(171, 2, 1, '2025-09-10'),
(172, 1, 1, '2025-09-10'),
(173, 1, 1, '2025-09-11'),
(174, 1, 1, '2025-09-11'),
(175, 1, 1, '2025-09-12'),
(176, 5, 1, '2025-09-12'),
(177, 2, 1, '2025-09-13'),
(178, 1, 1, '2025-09-13'),
(179, 6, 1, '2025-09-14'),
(180, 12, 1, '2025-09-14'),
(181, 13, 1, '2025-09-15'),
(182, 1, 1, '2025-09-15'),
(183, 1, 1, '2025-09-16'),
(184, 1, 1, '2025-09-16'),
(185, 8, 1, '2025-09-17'),
(186, 5, 1, '2025-09-17'),
(187, 2, 1, '2025-09-18'),
(189, 1, 1, '2025-09-19'),
(190, 1, 1, '2025-09-19'),
(191, 1, 1, '2025-09-20'),
(192, 5, 1, '2025-09-20'),
(193, 2, 1, '2025-09-21'),
(194, 1, 1, '2025-09-21'),
(195, 6, 1, '2025-09-22'),
(196, 12, 1, '2025-09-22'),
(197, 13, 1, '2025-09-23'),
(198, 1, 1, '2025-09-23'),
(199, 8, 1, '2025-09-24'),
(200, 2, 1, '2025-09-24'),
(201, 1, 1, '2025-09-25'),
(202, 1, 1, '2025-09-25'),
(203, 1, 1, '2025-09-26');

INSERT INTO oper_eal.Aula (AulaID, AulaData, FuncID) VALUES
(5011, '2025-09-06', 14),
(5012, '2025-09-06', 11),
(5013, '2025-09-06', 12),
(5014, '2025-09-07', 5),
(5015, '2025-09-07', 18),
(5016, '2025-09-07', 19),
(5017, '2025-09-08', 6),
(5018, '2025-09-08', 7),
(5019, '2025-09-08', 8),
(5020, '2025-09-08', 13),
(5021, '2025-09-09', 14),
(5022, '2025-09-09', 11),
(5023, '2025-09-09', 12),
(5024, '2025-09-10', 5),
(5025, '2025-09-10', 18),
(5026, '2025-09-10', 19),
(5027, '2025-09-11', 6),
(5028, '2025-09-11', 7),
(5029, '2025-09-11', 8),
(5030, '2025-09-11', 17),
(5031, '2025-09-12', 14),
(5032, '2025-09-12', 11),
(5033, '2025-09-12', 12),
(5034, '2025-09-13', 5),
(5035, '2025-09-13', 18),
(5036, '2025-09-13', 19),
(5037, '2025-09-14', 6),
(5038, '2025-09-14', 7),
(5039, '2025-09-14', 8),
(5040, '2025-09-14', 13),
(5041, '2025-09-15', 14),
(5042, '2025-09-15', 11),
(5043, '2025-09-15', 12),
(5044, '2025-09-15', 18),
(5045, '2025-09-15', 19),
(5046, '2025-09-15', 13),
(5047, '2025-09-16', 5),
(5048, '2025-09-16', 7),
(5049, '2025-09-16', 8),
(5050, '2025-09-16', 17);

INSERT INTO oper_eal.AulaTeorica (AulaID, TemaID) VALUES
(5011, 1),
(5014, 2),
(5017, 3),
(5021, 4),
(5024, 5),
(5027, 1),
(5031, 6),
(5034, 7),
(5037, 8),
(5041, 1),
(5047, 2);

INSERT INTO oper_eal.AulaPratica (AulaID, AlunoID) VALUES
(5012, 153),
(5013, 154),
(5015, 155),
(5016, 159),
(5018, 156),
(5019, 160),
(5020, 179),
(5022, 161),
(5023, 162),
(5025, 164),
(5026, 165),
(5028, 166),
(5029, 167),
(5030, 181),
(5032, 169),
(5033, 170),
(5035, 172),
(5036, 171),
(5038, 173),
(5039, 174),
(5040, 180),
(5042, 175),
(5043, 177),
(5044, 178),
(5045, 185),
(5046, 195),
(5048, 182),
(5049, 183),
(5050, 197);

INSERT INTO oper_eal.AulaTAluno (AulaID, AlunoID, PresencaAluno) VALUES
(5011, 153, 1),
(5011, 155, 1),
(5011, 156, 1),
(5011, 158, 1),
(5011, 160, 0),
(5011, 161, 1),
(5014, 153, 1),
(5014, 155, 1),
(5014, 156, 1),
(5014, 158, 1),
(5014, 160, 1),
(5014, 161, 1),
(5017, 153, 1),
(5017, 155, 1),
(5017, 156, 0),
(5017, 158, 1),
(5017, 160, 1),
(5017, 161, 1),
(5021, 162, 1),
(5021, 164, 1),
(5021, 166, 1),
(5021, 167, 1),
(5021, 169, 1),
(5021, 170, 0),
(5024, 162, 1),
(5024, 164, 1),
(5024, 166, 1),
(5024, 167, 1),
(5024, 169, 1),
(5024, 170, 1),
(5027, 171, 1),
(5027, 172, 1),
(5027, 173, 1),
(5027, 174, 1),
(5027, 175, 1),
(5027, 177, 1),
(5031, 180, 1),
(5031, 196, 1),
(5031, 101, 1),
(5034, 179, 1),
(5034, 181, 1),
(5034, 195, 1),
(5034, 197, 1),
(5037, 157, 1),
(5037, 168, 1),
(5037, 176, 1),
(5037, 186, 1),
(5037, 192, 1),
(5041, 178, 1),
(5041, 182, 1),
(5041, 183, 1),
(5041, 184, 1),
(5041, 185, 0),
(5041, 187, 1),
(5047, 178, 1),
(5047, 182, 1),
(5047, 183, 1),
(5047, 184, 1),
(5047, 185, 1),
(5047, 187, 1);

INSERT INTO oper_eal.AulaTSala (AulaID, IDSala, DtHrInicio, DtHrFim) VALUES
(5011, 1, '2025-09-06 08:00:00', '2025-09-06 10:00:00'),
(5014, 2, '2025-09-07 08:00:00', '2025-09-07 10:00:00'),
(5017, 3, '2025-09-08 18:00:00', '2025-09-08 20:00:00'),
(5021, 4, '2025-09-09 18:00:00', '2025-09-09 20:00:00'),
(5024, 5, '2025-09-10 08:00:00', '2025-09-10 10:00:00'),
(5027, 1, '2025-09-11 18:00:00', '2025-09-11 20:00:00'),
(5031, 6, '2025-09-12 10:00:00', '2025-09-12 12:00:00'),
(5034, 4, '2025-09-13 10:00:00', '2025-09-13 12:00:00'),
(5037, 5, '2025-09-14 10:00:00', '2025-09-14 12:00:00'),
(5041, 1, '2025-09-15 08:00:00', '2025-09-15 10:00:00'),
(5047, 2, '2025-09-16 18:00:00', '2025-09-16 20:00:00');

INSERT INTO oper_eal.VeiculoAula (AulaID, IDVeiculo, DtHrInicio, DtHrFim) VALUES
(5012, 6, '2025-09-06 10:00:00', '2025-09-06 11:00:00'),
(5013, 8, '2025-09-06 10:00:00', '2025-09-06 11:00:00'),
(5015, 7, '2025-09-07 11:00:00', '2025-09-07 12:00:00'),
(5016, 9, '2025-09-07 11:00:00', '2025-09-07 12:00:00'),
(5018, 13, '2025-09-08 08:00:00', '2025-09-08 09:00:00'),
(5019, 14, '2025-09-08 09:00:00', '2025-09-08 10:00:00'),
(5020, 12, '2025-09-08 10:00:00', '2025-09-08 12:00:00'),
(5022, 1, '2025-09-09 13:00:00', '2025-09-09 14:00:00'),
(5023, 15, '2025-09-09 13:00:00', '2025-09-09 14:00:00'),
(5025, 2, '2025-09-10 14:00:00', '2025-09-10 15:00:00'),
(5026, 3, '2025-09-10 15:00:00', '2025-09-10 16:00:00'),
(5028, 6, '2025-09-11 16:00:00', '2025-09-11 17:00:00'),
(5029, 7, '2025-09-11 17:00:00', '2025-09-11 18:00:00'),
(5030, 11, '2025-09-11 08:00:00', '2025-09-11 11:00:00'),
(5032, 13, '2025-09-12 08:00:00', '2025-09-12 09:00:00'),
(5033, 8, '2025-09-12 09:00:00', '2025-09-12 10:00:00'),
(5035, 16, '2025-09-13 14:00:00', '2025-09-13 15:00:00'),
(5036, 9, '2025-09-13 15:00:00', '2025-09-13 16:00:00'),
(5038, 17, '2025-09-14 14:00:00', '2025-09-14 15:00:00'),
(5039, 1, '2025-09-14 15:00:00', '2025-09-14 16:00:00'),
(5040, 10, '2025-09-14 13:00:00', NULL),
(5042, 2, '2025-09-15 10:00:00', '2025-09-15 11:00:00'),
(5043, 15, '2025-09-15 11:00:00', '2025-09-15 12:00:00'),
(5044, 6, '2025-09-15 13:00:00', '2025-09-15 14:00:00'),
(5045, 18, '2025-09-15 14:00:00', '2025-09-15 15:00:00'),
(5046, 5, '2025-09-15 14:00:00', '2025-09-15 16:00:00'),
(5048, 7, '2025-09-16 08:00:00', '2025-09-16 09:00:00'),
(5049, 13, '2025-09-16 09:00:00', '2025-09-16 10:00:00'),
(5050, 20, '2025-09-16 08:00:00', NULL);

INSERT INTO oper_eal.Exame (ExameID, Status, Nota, DtHrInicio, DtHrFim, AlunoID, FuncID) VALUES
(207, 'Aprovado', 92.0, '2025-09-22 10:00:00', '2025-09-22 11:00:00', 105, 5),
(208, 'Aprovado', 75.0, '2025-09-23 14:00:00', '2025-09-23 15:00:00', 115, 13),
(209, 'Reprovado', 55.0, '2025-09-23 19:00:00', '2025-09-23 21:00:00', 132, 6),
(210, 'Aprovado', 80.0, '2025-09-24 10:00:00', '2025-09-24 11:00:00', 147, 8),
(211, 'Agendado', NULL, '2025-09-28 09:00:00', '2025-09-28 10:00:00', 151, 7),
(212, 'Agendado', NULL, '2025-09-28 19:00:00', '2025-09-28 21:00:00', 152, 5),
(213, 'Aprovado', 88.0, '2025-09-25 09:00:00', '2025-09-25 11:00:00', 153, 6),
(214, 'Reprovado', 65.0, '2025-09-25 10:00:00', '2025-09-25 12:00:00', 154, 6),
(215, 'Aprovado', 70.0, '2025-09-25 14:00:00', '2025-09-25 16:00:00', 155, 5),
(216, 'Aprovado', 95.0, '2025-09-26 09:00:00', '2025-09-26 11:00:00', 156, 5),
(217, 'Aprovado', 81.0, '2025-09-26 10:00:00', '2025-09-26 12:00:00', 158, 6),
(218, 'Aprovado', 77.0, '2025-09-27 10:00:00', '2025-09-27 11:00:00', 153, 7),
(219, 'Reprovado', 0.0, '2025-09-27 11:00:00', '2025-09-27 12:00:00', 155, 8),
(220, 'Agendado', NULL, '2025-09-29 14:00:00', '2025-09-29 15:00:00', 156, 12),
(221, 'Agendado', NULL, '2025-09-30 10:00:00', '2025-09-30 11:00:00', 179, 13),
(222, 'Agendado', NULL, '2025-09-30 11:00:00', '2025-09-30 12:00:00', 180, 13),
(223, 'Agendado', NULL, '2025-09-30 13:00:00', '2025-09-30 14:00:00', 181, 17),
(224, 'Aprovado', 80.0, '2025-09-27 19:00:00', '2025-09-27 21:00:00', 160, 5),
(225, 'Reprovado', 40.0, '2025-09-27 19:00:00', '2025-09-27 21:00:00', 161, 5),
(226, 'Agendado', NULL, '2025-10-01 10:00:00', '2025-10-01 11:00:00', 160, 11),
(227, 'Agendado', NULL, '2025-10-01 11:00:00', '2025-10-01 12:00:00', 161, 18),
(228, 'Agendado', NULL, '2025-10-02 14:00:00', '2025-10-02 16:00:00', 182, 14),
(229, 'Agendado', NULL, '2025-10-02 14:00:00', '2025-10-02 16:00:00', 183, 14),
(230, 'Agendado', NULL, '2025-10-02 14:00:00', '2025-10-02 16:00:00', 184, 14);

INSERT INTO oper_eal.ExamePratico (ExameID, IDVeiculo) VALUES
(208, 12),
(210, 3),
(211, 1),
(218, 6),
(219, 7),
(220, 8),
(221, 5),
(222, 4),
(223, 11),
(226, 14),
(227, 16);

INSERT INTO oper_eal.ExameTeorica (ExameID, IDSala) VALUES
(207, 6),
(209, 2),
(212, 3),
(213, 1),
(214, 1),
(215, 2),
(216, 3),
(217, 4),
(224, 5),
(225, 6),
(228, 4),
(229, 4),
(230, 4);

INSERT INTO oper_eal.Pagamento (PagtoID, PagtoValor, PagtoData, FuncID) VALUES
(506, 750.00, '2025-09-01', 9),
(507, 1200.00, '2025-09-01', 15),
(508, 1500.00, '2025-09-02', 16),
(509, 1000.00, '2025-09-02', 3),
(510, 450.00, '2025-09-03', 9),
(511, 1500.00, '2025-09-03', 15),
(512, 1200.00, '2025-09-04', 16),
(513, 800.00, '2025-09-04', 9),
(514, 700.00, '2025-09-05', 15),
(515, 1500.00, '2025-09-05', 16),
(516, 2500.00, '2025-09-05', 3),
(517, 320.00, '2025-09-06', 9),
(518, 1500.00, '2025-09-06', 15),
(519, 1200.00, '2025-09-07', 16),
(520, 2800.00, '2025-09-14', 9),
(521, 2600.00, '2025-09-14', 15),
(522, 3100.00, '2025-09-15', 16),
(523, 1500.00, '2025-09-02', 9),
(524, 420.00, '2025-08-30', 15),
(525, 2500.00, '2025-08-30', 16),
(526, 1500.00, '2025-09-18', 9),
(527, 2800.00, '2025-09-22', 15),
(528, 3100.00, '2025-09-23', 16),
(529, 2500.00, '2025-09-24', 3),
(530, 1500.00, '2025-09-25', 9);

INSERT INTO oper_eal.AlunoPaga (AlunoID, ServicoID, Quantidade, TransacaoData) VALUES
(102, 3, 3, '2025-09-26'),
(120, 4, 2, '2025-09-26'),
(157, 3, 2, '2025-09-27'),
(168, 3, 1, '2025-09-27'),
(176, 3, 1, '2025-09-28'),
(186, 4, 1, '2025-09-28'),
(192, 4, 1, '2025-09-28'),
(188, 1, 1, '2025-09-29'),
(189, 1, 1, '2025-09-29'),
(190, 1, 1, '2025-09-30'),
(191, 1, 1, '2025-09-30'),
(193, 2, 1, '2025-10-01'),
(194, 1, 1, '2025-10-01'),
(198, 1, 1, '2025-10-02'),
(199, 8, 1, '2025-10-02'),
(200, 2, 1, '2025-10-03'),
(201, 12, 1, '2025-10-03'),
(202, 1, 1, '2025-10-04'),
(203, 1, 1, '2025-10-04'),
(106, 9, 2, '2025-10-05'),
(156, 9, 1, '2025-10-05'),
(179, 11, 2, '2025-10-06'),
(180, 10, 2, '2025-10-06'),
(181, 14, 1, '2025-10-07'),
(195, 11, 1, '2025-10-07'),
(153, 1, 1, '2025-10-08'),
(154, 1, 1, '2025-10-08'),
(155, 1, 1, '2025-10-09'),
(159, 2, 1, '2025-10-09'),
(160, 1, 1, '2025-10-10'),
(161, 1, 1, '2025-10-10'),
(162, 8, 1, '2025-10-11'),
(163, 1, 1, '2025-10-11'),
(164, 1, 1, '2025-10-12'),
(165, 2, 1, '2025-10-12'),
(166, 1, 1, '2025-10-13'),
(167, 1, 1, '2025-10-13'),
(169, 1, 1, '2025-10-14'),
(170, 8, 1, '2025-10-14'),
(171, 2, 1, '2025-10-15'),
(172, 1, 1, '2025-10-15'),
(173, 1, 1, '2025-10-16'),
(174, 1, 1, '2025-10-16'),
(175, 1, 1, '2025-10-17'),
(177, 2, 1, '2025-10-17'),
(178, 1, 1, '2025-10-18'),
(182, 1, 1, '2025-10-18'),
(183, 1, 1, '2025-10-19'),
(184, 1, 1, '2025-10-19'),
(185, 8, 1, '2025-10-20'),
(187, 2, 1, '2025-10-20');

INSERT INTO oper_eal.Pagamento (PagtoID, PagtoValor, PagtoData, FuncID) VALUES
(531, 480.00, '2025-09-26', 15),
(532, 100.00, '2025-09-26', 16),
(533, 320.00, '2025-09-27', 9),
(534, 160.00, '2025-09-27', 15),
(535, 160.00, '2025-09-28', 16),
(536, 100.00, '2025-09-28', 9),
(537, 1500.00, '2025-09-29', 3),
(538, 1500.00, '2025-09-29', 15),
(539, 750.00, '2025-09-30', 16),
(540, 750.00, '2025-09-30', 9),
(541, 1200.00, '2025-10-01', 15),
(542, 1500.00, '2025-10-01', 16),
(543, 1500.00, '2025-10-02', 3),
(544, 2500.00, '2025-10-02', 9),
(545, 1200.00, '2025-10-03', 15),
(546, 2600.00, '2025-10-03', 16),
(547, 1500.00, '2025-10-04', 9),
(548, 1500.00, '2025-10-04', 15),
(549, 280.00, '2025-10-05', 16),
(550, 140.00, '2025-10-05', 9),
(551, 560.00, '2025-10-06', 15),
(552, 500.00, '2025-10-06', 16),
(553, 320.00, '2025-10-07', 3),
(554, 280.00, '2025-10-07', 9),
(555, 1500.00, '2025-10-08', 15),
(556, 1500.00, '2025-10-08', 16),
(557, 1500.00, '2025-10-09', 9),
(558, 1200.00, '2025-10-09', 15),
(559, 1500.00, '2025-10-10', 16),
(560, 1500.00, '2025-10-10', 9),
(561, 2500.00, '2025-10-11', 3),
(562, 1500.00, '2025-10-11', 15),
(563, 1500.00, '2025-10-12', 16),
(564, 1200.00, '2025-10-12', 9),
(565, 1500.00, '2025-10-13', 15),
(566, 1500.00, '2025-10-13', 16),
(567, 1500.00, '2025-10-14', 9),
(568, 2500.00, '2025-10-14', 15),
(569, 1200.00, '2025-10-15', 16),
(570, 1500.00, '2025-10-15', 9),
(571, 1500.00, '2025-10-16', 15),
(572, 1500.00, '2025-10-16', 16),
(573, 1500.00, '2025-10-17', 9),
(574, 1200.00, '2025-10-17', 15),
(575, 1500.00, '2025-10-18', 16),
(576, 1500.00, '2025-10-18', 9),
(577, 1500.00, '2025-10-19', 15),
(578, 1500.00, '2025-10-19', 16),
(579, 2500.00, '2025-10-20', 3),
(580, 1200.00, '2025-10-20', 15);

INSERT INTO oper_eal.Aula (AulaID, AulaData, FuncID) VALUES
(5051, '2025-09-17', 14),
(5052, '2025-09-17', 11),
(5053, '2025-09-17', 12),
(5054, '2025-09-17', 18),
(5055, '2025-09-18', 5),
(5056, '2025-09-18', 19),
(5057, '2025-09-18', 13),
(5058, '2025-09-18', 17),
(5059, '2025-09-19', 6),
(5060, '2025-09-19', 7),
(5061, '2025-09-19', 8),
(5062, '2025-09-19', 11),
(5063, '2025-09-20', 14),
(5064, '2025-09-20', 12),
(5065, '2025-09-20', 18),
(5066, '2025-09-21', 5),
(5067, '2025-09-21', 19),
(5068, '2025-09-21', 13),
(5069, '2025-09-21', 17),
(5070, '2025-09-22', 6),
(5071, '2025-09-22', 7),
(5072, '2025-09-22', 8),
(5073, '2025-09-22', 11),
(5074, '2025-09-23', 14),
(5075, '2025-09-23', 12),
(5076, '2025-09-23', 18),
(5077, '2025-09-24', 5),
(5078, '2025-09-24', 19),
(5079, '2025-09-24', 7),
(5080, '2025-09-24', 8),
(5081, '2025-09-25', 6),
(5082, '2025-09-25', 13),
(5083, '2025-09-25', 17),
(5084, '2025-09-25', 11),
(5085, '2025-09-26', 14),
(5086, '2025-09-26', 12),
(5087, '2025-09-26', 18),
(5088, '2025-09-26', 19),
(5089, '2025-09-27', 5),
(5090, '2025-09-27', 7),
(5091, '2025-09-27', 8),
(5092, '2025-09-28', 11),
(5093, '2025-09-28', 12),
(5094, '2025-09-29', 18),
(5095, '2025-09-29', 19),
(5096, '2025-09-30', 14),
(5097, '2025-09-30', 11),
(5098, '2025-09-30', 12),
(5099, '2025-10-01', 5),
(5100, '2025-10-01', 18),
(5101, '2025-10-01', 19),
(5102, '2025-10-02', 6),
(5103, '2025-10-02', 7),
(5104, '2025-10-02', 8),
(5105, '2025-10-03', 14),
(5106, '2025-10-03', 11),
(5107, '2025-10-03', 12),
(5108, '2025-10-04', 5),
(5109, '2025-10-04', 18),
(5110, '2025-10-04', 19),
(5111, '2025-10-05', 6),
(5112, '2025-10-05', 7),
(5113, '2025-10-05', 8),
(5114, '2025-10-06', 14),
(5115, '2025-10-06', 11),
(5116, '2025-10-06', 12),
(5117, '2025-10-07', 5),
(5118, '2025-10-07', 18),
(5119, '2025-10-07', 19),
(5120, '2025-10-08', 6),
(5121, '2025-10-08', 7),
(5122, '2025-10-08', 8),
(5123, '2025-10-09', 14),
(5124, '2025-10-09', 11),
(5125, '2025-10-09', 12),
(5126, '2025-10-10', 5),
(5127, '2025-10-10', 18),
(5128, '2025-10-10', 19),
(5129, '2025-10-11', 6),
(5130, '2025-10-11', 7),
(5131, '2025-10-11', 8),
(5132, '2025-10-12', 14),
(5133, '2025-10-12', 11),
(5134, '2025-10-12', 12),
(5135, '2025-10-13', 5),
(5136, '2025-10-13', 18),
(5137, '2025-10-13', 19),
(5138, '2025-10-14', 6),
(5139, '2025-10-14', 7),
(5140, '2025-10-14', 8),
(5141, '2025-10-15', 14),
(5142, '2025-10-15', 11),
(5143, '2025-10-15', 12),
(5144, '2025-10-16', 5),
(5145, '2025-10-16', 18),
(5146, '2025-10-16', 19);

INSERT INTO oper_eal.AulaTeorica (AulaID, TemaID) VALUES
(5051, 1),
(5055, 2),
(5059, 3),
(5063, 4),
(5066, 5),
(5070, 6),
(5074, 8),
(5077, 1),
(5081, 7),
(5085, 2),
(5089, 1),
(5096, 3),
(5099, 4),
(5102, 5),
(5105, 6),
(5108, 7),
(5111, 8),
(5114, 1),
(5117, 2),
(5120, 3),
(5123, 4),
(5126, 5),
(5129, 6),
(5132, 7),
(5135, 8),
(5138, 1),
(5141, 2),
(5144, 3);

INSERT INTO oper_eal.AulaPratica (AulaID, AlunoID) VALUES
(5052, 188),
(5053, 189),
(5054, 190),
(5056, 191),
(5057, 180),
(5058, 181),
(5060, 193),
(5061, 194),
(5062, 198),
(5064, 199),
(5065, 199),
(5067, 200),
(5068, 195),
(5069, 197),
(5071, 201),
(5072, 202),
(5073, 203),
(5075, 102),
(5076, 102),
(5078, 188),
(5079, 189),
(5080, 190),
(5082, 201),
(5083, 181),
(5084, 191),
(5086, 193),
(5087, 194),
(5088, 198),
(5090, 102),
(5091, 157),
(5092, 168),
(5093, 176),
(5094, 106),
(5095, 156),
(5097, 153),
(5098, 154),
(5100, 155),
(5101, 159),
(5103, 160),
(5104, 161),
(5106, 162),
(5107, 163),
(5109, 164),
(5110, 165),
(5112, 166),
(5113, 167),
(5115, 169),
(5116, 170),
(5118, 171),
(5119, 172),
(5121, 173),
(5122, 174),
(5124, 175),
(5125, 177),
(5127, 178),
(5128, 182),
(5130, 183),
(5131, 184),
(5133, 185),
(5134, 187),
(5136, 190),
(5137, 191),
(5139, 193),
(5140, 194),
(5142, 198),
(5143, 199),
(5145, 200),
(5146, 201);

INSERT INTO oper_eal.AulaTAluno (AulaID, AlunoID, PresencaAluno) VALUES
(5051, 188, 1),
(5051, 189, 1),
(5051, 190, 1),
(5051, 191, 0),
(5051, 202, 1),
(5051, 203, 1),
(5055, 188, 1),
(5055, 189, 1),
(5055, 190, 0),
(5055, 191, 1),
(5055, 202, 1),
(5055, 203, 1),
(5059, 194, 1),
(5059, 198, 1),
(5059, 199, 1),
(5059, 172, 1),
(5059, 173, 1),
(5063, 194, 1),
(5063, 198, 0),
(5063, 199, 1),
(5063, 172, 1),
(5063, 173, 1),
(5066, 194, 1),
(5066, 198, 1),
(5066, 199, 1),
(5066, 172, 0),
(5066, 173, 1),
(5070, 180, 1),
(5070, 196, 1),
(5070, 201, 1),
(5074, 120, 1),
(5074, 157, 1),
(5074, 168, 1),
(5074, 176, 0),
(5074, 186, 1),
(5074, 192, 1),
(5077, 153, 1),
(5077, 155, 1),
(5077, 158, 1),
(5077, 161, 1),
(5081, 179, 1),
(5081, 195, 1),
(5081, 197, 1),
(5085, 153, 1),
(5085, 155, 0),
(5085, 158, 1),
(5085, 161, 1),
(5089, 164, 1),
(5089, 166, 1),
(5089, 167, 1),
(5089, 169, 1),
(5089, 170, 1),
(5096, 153, 1),
(5096, 154, 1),
(5096, 155, 1),
(5096, 159, 0),
(5096, 160, 1),
(5096, 161, 1),
(5099, 153, 1),
(5099, 154, 1),
(5099, 155, 1),
(5099, 159, 1),
(5099, 160, 1),
(5099, 161, 1),
(5102, 153, 1),
(5102, 154, 1),
(5102, 155, 0),
(5102, 159, 1),
(5102, 160, 1),
(5102, 161, 1),
(5105, 162, 1),
(5105, 163, 1),
(5105, 164, 1),
(5105, 165, 1),
(5105, 166, 1),
(5105, 167, 0),
(5108, 162, 1),
(5108, 163, 1),
(5108, 164, 1),
(5108, 165, 1),
(5108, 166, 1),
(5108, 167, 1),
(5111, 162, 1),
(5111, 163, 1),
(5111, 164, 0),
(5111, 165, 1),
(5111, 166, 1),
(5111, 167, 1),
(5114, 169, 1),
(5114, 170, 1),
(5114, 171, 1),
(5114, 172, 1),
(5114, 173, 1),
(5114, 174, 0),
(5117, 169, 1),
(5117, 170, 1),
(5117, 171, 1),
(5117, 172, 1),
(5117, 173, 1),
(5117, 174, 1),
(5120, 169, 1),
(5120, 170, 0),
(5120, 171, 1),
(5120, 172, 1),
(5120, 173, 1),
(5120, 174, 1),
(5123, 175, 1),
(5123, 177, 1),
(5123, 178, 1),
(5123, 182, 1),
(5123, 183, 1),
(5123, 184, 0),
(5126, 175, 1),
(5126, 177, 1),
(5126, 178, 1),
(5126, 182, 1),
(5126, 183, 1),
(5126, 184, 1),
(5129, 185, 1),
(5129, 187, 1),
(5129, 190, 1),
(5129, 191, 1),
(5129, 193, 0),
(5129, 194, 1),
(5132, 185, 1),
(5132, 187, 1),
(5132, 190, 1),
(5132, 191, 1),
(5132, 193, 1),
(5132, 194, 1),
(5135, 185, 1),
(5135, 187, 1),
(5135, 190, 0),
(5135, 191, 1),
(5135, 193, 1),
(5135, 194, 1),
(5138, 198, 1),
(5138, 199, 1),
(5138, 200, 1),
(5138, 201, 1),
(5138, 202, 1),
(5138, 203, 1),
(5141, 198, 1),
(5141, 199, 1),
(5141, 200, 0),
(5141, 201, 1),
(5141, 202, 1),
(5141, 203, 1),
(5144, 198, 1),
(5144, 199, 1),
(5144, 200, 1),
(5144, 201, 1),
(5144, 202, 0),
(5144, 203, 1);

INSERT INTO oper_eal.AulaTSala (AulaID, IDSala, DtHrInicio, DtHrFim) VALUES
(5051, 1, '2025-09-17 18:00:00', '2025-09-17 20:00:00'),
(5055, 2, '2025-09-18 18:00:00', '2025-09-18 20:00:00'),
(5059, 3, '2025-09-19 18:00:00', '2025-09-19 20:00:00'),
(5063, 4, '2025-09-20 08:00:00', '2025-09-20 10:00:00'),
(5066, 5, '2025-09-20 10:00:00', '2025-09-20 12:00:00'),
(5070, 6, '2025-09-22 10:00:00', '2025-09-22 12:00:00'),
(5074, 5, '2025-09-23 14:00:00', '2025-09-23 16:00:00'),
(5077, 1, '2025-09-24 18:00:00', '2025-09-24 20:00:00'),
(5081, 6, '2025-09-25 10:00:00', '2025-09-25 12:00:00'),
(5085, 2, '2025-09-26 18:00:00', '2025-09-26 20:00:00'),
(5089, 3, '2025-09-27 08:00:00', '2025-09-27 10:00:00'),
(5096, 1, '2025-09-30 18:00:00', '2025-09-30 20:00:00'),
(5099, 2, '2025-10-01 18:00:00', '2025-10-01 20:00:00'),
(5102, 3, '2025-10-02 18:00:00', '2025-10-02 20:00:00'),
(5105, 4, '2025-10-03 10:00:00', '2025-10-03 12:00:00'),
(5108, 5, '2025-10-04 10:00:00', '2025-10-04 12:00:00'),
(5111, 6, '2025-10-05 10:00:00', '2025-10-05 12:00:00'),
(5114, 1, '2025-10-06 18:00:00', '2025-10-06 20:00:00'),
(5117, 2, '2025-10-07 18:00:00', '2025-10-07 20:00:00'),
(5120, 3, '2025-10-08 18:00:00', '2025-10-08 20:00:00'),
(5123, 4, '2025-10-09 08:00:00', '2025-10-09 10:00:00'),
(5126, 5, '2025-10-10 08:00:00', '2025-10-10 10:00:00'),
(5129, 6, '2025-10-11 10:00:00', '2025-10-11 12:00:00'),
(5132, 4, '2025-10-12 10:00:00', '2025-10-12 12:00:00'),
(5135, 5, '2025-10-13 10:00:00', '2025-10-13 12:00:00'),
(5138, 1, '2025-10-14 18:00:00', '2025-10-14 20:00:00'),
(5141, 2, '2025-10-15 18:00:00', '2025-10-15 20:00:00'),
(5144, 3, '2025-10-16 18:00:00', '2025-10-16 20:00:00');

INSERT INTO oper_eal.VeiculoAula (AulaID, IDVeiculo, DtHrInicio, DtHrFim) VALUES
(5052, 16, '2025-09-17 08:00:00', '2025-09-17 09:00:00'),
(5053, 17, '2025-09-17 08:00:00', '2025-09-17 09:00:00'),
(5054, 1, '2025-09-17 09:00:00', '2025-09-17 10:00:00'),
(5056, 2, '2025-09-18 10:00:00', '2025-09-18 11:00:00'),
(5057, 10, '2025-09-18 08:00:00', '2025-09-18 10:00:00'),
(5058, 11, '2025-09-18 08:00:00', '2025-09-18 11:00:00'),
(5060, 18, '2025-09-19 11:00:00', '2025-09-19 12:00:00'),
(5061, 6, '2025-09-19 13:00:00', '2025-09-19 14:00:00'),
(5062, 7, '2025-09-19 14:00:00', '2025-09-19 15:00:00'),
(5064, 13, '2025-09-20 15:00:00', '2025-09-20 16:00:00'),
(5065, 15, '2025-09-20 16:00:00', '2025-09-20 17:00:00'),
(5067, 8, '2025-09-21 09:00:00', '2025-09-21 10:00:00'),
(5068, 12, '2025-09-21 13:00:00', '2025-09-21 15:00:00'),
(5069, 20, '2025-09-21 13:00:00', '2025-09-21 16:00:00'),
(5071, 19, '2025-09-22 15:00:00', '2025-09-22 17:00:00'),
(5072, 14, '2025-09-22 10:00:00', '2025-09-22 11:00:00'),
(5073, 1, '2025-09-22 11:00:00', '2025-09-22 12:00:00'),
(5075, 2, '2025-09-23 13:00:00', '2025-09-23 14:00:00'),
(5076, 6, '2025-09-23 14:00:00', '2025-09-23 15:00:00'),
(5078, 16, '2025-09-24 08:00:00', '2025-09-24 09:00:00'),
(5079, 17, '2025-09-24 08:00:00', '2025-09-24 09:00:00'),
(5080, 1, '2025-09-24 09:00:00', '2025-09-24 10:00:00'),
(5082, 10, '2025-09-25 13:00:00', '2025-09-25 15:00:00'),
(5083, 11, '2025-09-25 13:00:00', '2025-09-25 16:00:00'),
(5084, 2, '2025-09-25 10:00:00', '2025-09-25 11:00:00'),
(5086, 9, '2025-09-26 11:00:00', '2025-09-26 12:00:00'),
(5087, 13, '2025-09-26 13:00:00', '2025-09-26 14:00:00'),
(5088, 14, '2025-09-26 14:00:00', '2025-09-26 15:00:00'),
(5090, 7, '2025-09-27 10:00:00', '2025-09-27 11:00:00'),
(5091, 1, '2025-09-27 11:00:00', '2025-09-27 12:00:00'),
(5092, 2, '2025-09-28 10:00:00', '2025-09-28 11:00:00'),
(5093, 6, '2025-09-28 11:00:00', '2025-09-28 12:00:00'),
(5094, 3, '2025-09-29 14:00:00', '2025-09-29 15:00:00'),
(5095, 8, '2025-09-29 15:00:00', '2025-09-29 16:00:00'),
(5097, 1, '2025-09-30 08:00:00', '2025-09-30 09:00:00'),
(5098, 16, '2025-09-30 09:00:00', '2025-09-30 10:00:00'),
(5100, 17, '2025-10-01 10:00:00', '2025-10-01 11:00:00'),
(5101, 15, '2025-10-01 11:00:00', '2025-10-01 12:00:00'),
(5103, 1, '2025-10-02 13:00:00', '2025-10-02 14:00:00'),
(5104, 2, '2025-10-02 14:00:00', '2025-10-02 15:00:00'),
(5106, 6, '2025-10-03 15:00:00', '2025-10-03 16:00:00'),
(5107, 7, '2025-10-03 16:00:00', '2025-10-03 17:00:00'),
(5109, 13, '2025-10-04 08:00:00', '2025-10-04 09:00:00'),
(5110, 8, '2025-10-04 09:00:00', '2025-10-04 10:00:00'),
(5112, 14, '2025-10-05 08:00:00', '2025-10-05 09:00:00'),
(5113, 16, '2025-10-05 09:00:00', '2025-10-05 10:00:00'),
(5115, 17, '2025-10-06 10:00:00', '2025-10-06 11:00:00'),
(5116, 1, '2025-10-06 11:00:00', '2025-10-06 12:00:00'),
(5118, 9, '2025-10-07 13:00:00', '2025-10-07 14:00:00'),
(5119, 2, '2025-10-07 14:00:00', '2025-10-07 15:00:00'),
(5121, 6, '2025-10-08 15:00:00', '2025-10-08 16:00:00'),
(5122, 7, '2025-10-08 16:00:00', '2025-10-08 17:00:00'),
(5124, 13, '2025-10-09 08:00:00', '2025-10-09 09:00:00'),
(5125, 3, '2025-10-09 09:00:00', '2025-10-09 10:00:00'),
(5127, 14, '2025-10-10 10:00:00', '2025-10-10 11:00:00'),
(5128, 16, '2025-10-10 11:00:00', '2025-10-10 12:00:00'),
(5130, 17, '2025-10-11 13:00:00', '2025-10-11 14:00:00'),
(5131, 1, '2025-10-11 14:00:00', '2025-10-11 15:00:00'),
(5133, 18, '2025-10-12 15:00:00', '2025-10-12 16:00:00'),
(5134, 15, '2025-10-12 16:00:00', '2025-10-12 17:00:00'),
(5136, 2, '2025-10-13 08:00:00', '2025-10-13 09:00:00'),
(5137, 6, '2025-10-13 09:00:00', '2025-10-13 10:00:00'),
(5139, 8, '2025-10-14 10:00:00', '2025-10-14 11:00:00'),
(5140, 7, '2025-10-14 11:00:00', '2025-10-14 12:00:00'),
(5142, 13, '2025-10-15 13:00:00', '2025-10-15 14:00:00'),
(5143, 14, '2025-10-15 14:00:00', '2025-10-15 15:00:00'),
(5145, 9, '2025-10-16 15:00:00', '2025-10-16 16:00:00'),
(5146, 19, '2025-10-16 16:00:00', NULL);

INSERT INTO oper_eal.Exame (ExameID, Status, Nota, DtHrInicio, DtHrFim, AlunoID, FuncID) VALUES
(231, 'Aprovado', 85.0, '2025-10-01 10:00:00', '2025-10-01 12:00:00', 162, 5),
(232, 'Aprovado', 100.0, '2025-10-03 09:00:00', '2025-10-03 10:00:00', 162, 11),
(233, 'Reprovado', 0.0, '2025-10-03 10:00:00', '2025-10-03 11:00:00', 162, 18),
(234, 'Reprovado', 45.0, '2025-10-01 14:00:00', '2025-10-01 16:00:00', 163, 6),
(235, 'Aprovado', 90.0, '2025-10-01 14:00:00', '2025-10-01 16:00:00', 164, 6),
(236, 'Aprovado', 70.0, '2025-10-02 10:00:00', '2025-10-02 12:00:00', 165, 14),
(237, 'Aprovado', 75.0, '2025-10-02 10:00:00', '2025-10-02 12:00:00', 166, 14),
(238, 'Aprovado', 80.0, '2025-10-08 10:00:00', '2025-10-08 12:00:00', 167, 5),
(239, 'Reprovado', 60.0, '2025-10-08 14:00:00', '2025-10-08 16:00:00', 169, 6),
(240, 'Aprovado', 100.0, '2025-10-04 09:00:00', '2025-10-04 10:00:00', 164, 12),
(241, 'Reprovado', 0.0, '2025-10-04 10:00:00', '2025-10-04 11:00:00', 165, 19),
(242, 'Aprovado', 95.0, '2025-10-09 10:00:00', '2025-10-09 11:00:00', 166, 7),
(243, 'Aprovado', 95.0, '2025-10-03 10:00:00', '2025-10-03 12:00:00', 157, 5),
(244, 'Reprovado', 50.0, '2025-10-03 10:00:00', '2025-10-03 12:00:00', 168, 5),
(245, 'Aprovado', 88.0, '2025-10-04 10:00:00', '2025-10-04 12:00:00', 170, 6),
(246, 'Reprovado', 0.0, '2025-10-10 09:00:00', '2025-10-10 10:00:00', 170, 8),
(247, 'Aprovado', 75.0, '2025-10-10 10:00:00', '2025-10-10 11:00:00', 170, 18),
(248, 'Aprovado', 80.0, '2025-10-11 09:00:00', '2025-10-11 11:00:00', 180, 13),
(249, 'Aprovado', 85.0, '2025-10-11 09:00:00', '2025-10-11 11:00:00', 179, 13),
(250, 'Aprovado', 90.0, '2025-10-13 08:00:00', '2025-10-13 11:00:00', 181, 17),
(251, 'Reprovado', 60.0, '2025-10-13 08:00:00', '2025-10-13 11:00:00', 197, 17),
(252, 'Aprovado', 78.0, '2025-10-10 14:00:00', '2025-10-10 16:00:00', 171, 14),
(253, 'Aprovado', 82.0, '2025-10-10 14:00:00', '2025-10-10 16:00:00', 172, 14),
(254, 'Aprovado', 95.0, '2025-10-11 10:00:00', '2025-10-11 12:00:00', 173, 5),
(255, 'Aprovado', 88.0, '2025-10-11 10:00:00', '2025-10-11 12:00:00', 174, 5),
(256, 'Reprovado', 65.0, '2025-10-13 14:00:00', '2025-10-13 16:00:00', 175, 6),
(257, 'Aprovado', 70.0, '2025-10-13 14:00:00', '2025-10-13 16:00:00', 177, 6),
(258, 'Aprovado', 85.0, '2025-10-14 10:00:00', '2025-10-14 12:00:00', 178, 14),
(259, 'Aprovado', 90.0, '2025-10-14 10:00:00', '2025-10-14 12:00:00', 182, 14),
(260, 'Aprovado', 77.0, '2025-10-15 10:00:00', '2025-10-15 12:00:00', 183, 5),
(261, 'Reprovado', 55.0, '2025-10-15 10:00:00', '2025-10-15 12:00:00', 184, 5),
(262, 'Aprovado', 80.0, '2025-10-16 10:00:00', '2025-10-16 12:00:00', 185, 6),
(263, 'Aprovado', 92.0, '2025-10-16 10:00:00', '2025-10-16 12:00:00', 187, 6),
(264, 'Agendado', NULL, '2025-10-20 09:00:00', '2025-10-20 10:00:00', 167, 7),
(265, 'Agendado', NULL, '2025-10-20 10:00:00', '2025-10-20 11:00:00', 169, 8),
(266, 'Agendado', NULL, '2025-10-21 09:00:00', '2025-10-21 10:00:00', 172, 11),
(267, 'Agendado', NULL, '2025-10-21 10:00:00', '2025-10-21 11:00:00', 173, 12),
(268, 'Agendado', NULL, '2025-10-22 09:00:00', '2025-10-22 10:00:00', 174, 18),
(269, 'Agendado', NULL, '2025-10-22 10:00:00', '2025-10-22 11:00:00', 177, 19),
(270, 'Agendado', NULL, '2025-10-23 09:00:00', '2025-10-23 10:00:00', 178, 7),
(271, 'Agendado', NULL, '2025-10-23 10:00:00', '2025-10-23 11:00:00', 182, 8),
(272, 'Agendado', NULL, '2025-10-24 09:00:00', '2025-10-24 10:00:00', 183, 11),
(273, 'Agendado', NULL, '2025-10-24 09:00:00', '2025-10-24 10:00:00', 185, 12),
(274, 'Agendado', NULL, '2025-10-24 10:00:00', '2025-10-24 11:00:00', 185, 18),
(275, 'Agendado', NULL, '2025-10-24 11:00:00', '2025-10-24 12:00:00', 187, 19),
(276, 'Reprovado', 68.0, '2025-10-17 14:00:00', '2025-10-17 16:00:00', 188, 14),
(277, 'Aprovado', 75.0, '2025-10-17 14:00:00', '2025-10-17 16:00:00', 189, 14),
(278, 'Aprovado', 81.0, '2025-10-18 10:00:00', '2025-10-18 12:00:00', 190, 5),
(279, 'Aprovado', 93.0, '2025-10-18 10:00:00', '2025-10-18 12:00:00', 191, 5),
(280, 'Aprovado', 70.0, '2025-10-20 10:00:00', '2025-10-20 12:00:00', 193, 6),
(281, 'Agendado', NULL, '2025-10-25 09:00:00', '2025-10-25 10:00:00', 189, 7),
(282, 'Agendado', NULL, '2025-10-25 10:00:00', '2025-10-25 11:00:00', 190, 8),
(283, 'Agendado', NULL, '2025-10-27 09:00:00', '2025-10-27 10:00:00', 191, 11),
(284, 'Agendado', NULL, '2025-10-27 10:00:00', '2025-10-27 11:00:00', 193, 12);

INSERT INTO oper_eal.ExamePratico (ExameID, IDVeiculo) VALUES
(232, 1),
(233, 3),
(240, 2),
(241, 9),
(242, 6),
(246, 7),
(247, 8),
(248, 10),
(249, 12),
(250, 11),
(251, 20),
(264, 13),
(265, 14),
(266, 16),
(267, 17),
(268, 1),
(269, 3),
(270, 2),
(271, 6),
(272, 7),
(273, 13),
(274, 15),
(275, 18),
(281, 17),
(282, 1),
(283, 2),
(284, 9);

INSERT INTO oper_eal.ExameTeorica (ExameID, IDSala) VALUES
(231, 1),
(234, 2),
(235, 3),
(236, 1),
(237, 2),
(238, 3),
(239, 4),
(243, 5),
(244, 5),
(245, 6),
(252, 1),
(253, 1),
(254, 2),
(255, 2),
(256, 3),
(257, 3),
(258, 4),
(259, 4),
(260, 5),
(261, 5),
(262, 6),
(263, 6),
(276, 1),
(277, 1),
(278, 2),
(279, 2),
(280, 3);